{"text": " Hi Chris, I love you.", "segments": [{"id": 0, "seek": 0, "start": 0.0, "end": 4.62, "text": " Hi Chris, I love you.", "tokens": [50365, 2421, 6688, 11, 286, 959, 291, 13, 50596], "temperature": 0.0, "avg_logprob": -0.4370846748352051, "compression_ratio": 0.7241379310344828, "no_speech_prob": 3.525115754854369e-10}], "language": "en"}